{
 "Afghanistan":"/-/world/central-asia-caucasus/afghanistan/",
 "Albania":"/-/world/eastern-central-europe/albania/",
 "Algeria":"/-/world/middle-east-north-africa/algeria/",
 "American Samoa":"/-/world/oceania/american-samoa/",
 "Angola":"/-/world/sub-saharan-africa/angola/",
 "Anguilla":"/-/world/caribbean/anguilla/",
 "Antigua and Barbuda":"/-/world/caribbean/antigua-and-barbuda/",
 "Argentina":"/-/world/latin-america/argentina/",
 "Armenia":"/-/world/central-asia-caucasus/armenia/",
 "Aruba":"/-/world/caribbean/aruba/",
 "Australia":"/-/world/oceania/australia/",
 "Austria":"/-/world/western-europe/austria/",
 "Azerbaijan":"/-/world/central-asia-caucasus/azerbaijan/",
 "Bahamas":"/-/world/caribbean/bahamas/",
 "Bahrain":"/-/world/middle-east-north-africa/bahrain/",
 "Bangladesh":"/-/world/south-asia/bangladesh/",
 "Barbados":"/-/world/caribbean/barbados/",
 "Belarus":"/-/world/eastern-central-europe/belarus/",
 "Belgium":"/-/world/western-europe/belgium/",
 "Belize":"/-/world/caribbean/belize/",
 "Benin":"/-/world/sub-saharan-africa/benin/",
 "Bermuda":"/-/world/caribbean/bermuda/",
 "Bhutan":"/-/world/south-asia/bhutan/",
 "Bolivia":"/-/world/latin-america/bolivia/",
 "Bonaire":"/-/world/caribbean/bonaire/",
 "Bosnia Herzegovina":"/-/world/eastern-central-europe/bosnia-herzegovina/",
 "Botswana":"/-/world/sub-saharan-africa/botswana/",
 "Brazil":"/-/world/latin-america/brazil/",
 "British Virgin Islands":"/-/world/caribbean/british-virgin-islands/",
 "Brunei":"/-/world/east-asia/brunei/",
 "Bulgaria":"/-/world/eastern-central-europe/bulgaria/",
 "Burkina Faso":"/-/world/sub-saharan-africa/burkina-faso/",
 "Burundi":"/-/world/sub-saharan-africa/burundi/",
 "Cambodia":"/-/world/east-asia/cambodia/",
 "Cameroon":"/-/world/sub-saharan-africa/cameroon/",
 "Canada":"/-/world/north-america/canada/",
 "Cape Verde":"/-/world/sub-saharan-africa/cape-verde/",
 "Cayman Islands":"/-/world/caribbean/cayman-islands/",
 "Central African Republic":"/-/world/sub-saharan-africa/central-african-republic/",
 "Chad":"/-/world/sub-saharan-africa/chad/",
 "Chile":"/-/world/latin-america/chile/",
 "China":"/-/world/east-asia/china/",
 "Colombia":"/-/world/latin-america/colombia/",
 "Comoros":"/-/world/sub-saharan-africa/comoros/",
 "Cook Islands":"/-/world/oceania/cook-islands/",
 "Costa Rica":"/-/world/latin-america/costa-rica/",
 "Cote d'Ivoire":"/-/world/sub-saharan-africa/cote-divoire/",
 "Croatia":"/-/world/eastern-central-europe/croatia/",
 "Cuba":"/-/world/latin-america/cuba/",
 "Curaçao":"/-/world/caribbean/curacao/",
 "Cyprus":"/-/world/western-europe/cyprus/",
 "Czech Republic":"/-/world/eastern-central-europe/czech-republic/",
 "D.R. of Congo":"/-/world/sub-saharan-africa/dr-of-congo/",
 "Denmark":"/-/world/western-europe/denmark/",
 "Djibouti":"/-/world/sub-saharan-africa/djibouti/",
 "Dominica":"/-/world/caribbean/dominica/",
 "Dominican Republic":"/-/world/latin-america/dominican-republic/",
 "East Timor":"/-/world/east-asia/east-timor/",
 "Ecuador":"/-/world/latin-america/ecuador/",
 "Egypt":"/-/world/middle-east-north-africa/egypt/",
 "El Salvador":"/-/world/latin-america/el-salvador/",
 "Equatorial Guinea":"/-/world/sub-saharan-africa/equatorial-guinea/",
 "Eritrea":"/-/world/sub-saharan-africa/eritrea/",
 "Estonia":"/-/world/eastern-central-europe/estonia/",
 "Ethiopia":"/-/world/sub-saharan-africa/ethiopia/",
 "Fiji":"/-/world/oceania/fiji/",
 "Finland":"/-/world/western-europe/finland/",
 "France":"/-/world/western-europe/france/",
 "French Guiana":"/-/world/caribbean/french-guiana/",
 "Gabon":"/-/world/sub-saharan-africa/gabon/",
 "Gambia":"/-/world/sub-saharan-africa/gambia/",
 "Georgia":"/-/world/central-asia-caucasus/georgia/",
 "Germany":"/-/world/western-europe/germany/",
 "Ghana":"/-/world/sub-saharan-africa/ghana/",
 "Greece":"/-/world/western-europe/greece/",
 "Grenada":"/-/world/caribbean/grenada/",
 "Guadeloupe":"/-/world/caribbean/guadeloupe/",
 "Guatemala":"/-/world/latin-america/guatemala/",
 "Guinea":"/-/world/sub-saharan-africa/guinea/",
 "Guinea-Bissau":"/-/world/sub-saharan-africa/guinea-bissau/",
 "Guyana":"/-/world/caribbean/guyana/",
 "Haiti":"/-/world/caribbean/haiti/",
 "Honduras":"/-/world/latin-america/honduras/",
 "Hong Kong (China)":"/-/world/east-asia/hong-kong-china/",
 "Hungary":"/-/world/eastern-central-europe/hungary/",
 "Iceland":"/-/world/western-europe/iceland/",
 "India":"/-/world/south-asia/india/",
 "Indonesia":"/-/world/east-asia/indonesia/",
 "Iran":"/-/world/middle-east-north-africa/iran/",
 "Iraq":"/-/world/middle-east-north-africa/iraq/",
 "Ireland":"/-/world/western-europe/ireland/",
 "Israel":"/-/world/middle-east-north-africa/israel/",
 "Italy":"/-/world/western-europe/italy/",
 "Jamaica":"/-/world/caribbean/jamaica/",
 "Japan":"/-/world/east-asia/japan/",
 "Jordan":"/-/world/middle-east-north-africa/jordan/",
 "Kazakhstan":"/-/world/central-asia-caucasus/kazakhstan/",
 "Kenya":"/-/world/sub-saharan-africa/kenya/",
 "Kosovo":"/-/world/eastern-central-europe/kosovo/",
 "Kuwait":"/-/world/middle-east-north-africa/kuwait/",
 "Kyrgyzstan":"/-/world/central-asia-caucasus/kyrgyzstan/",
 "Laos":"/-/world/east-asia/laos/",
 "Latvia":"/-/world/eastern-central-europe/latvia/",
 "Lebanon":"/-/world/middle-east-north-africa/lebanon/",
 "Lesotho":"/-/world/sub-saharan-africa/lesotho/",
 "Liberia":"/-/world/sub-saharan-africa/liberia/",
 "Libya":"/-/world/middle-east-north-africa/libya/",
 "Liechtenstein":"/-/world/western-europe/liechtenstein/",
 "Lithuania":"/-/world/eastern-central-europe/lithuania/",
 "Luxembourg":"/-/world/western-europe/luxembourg/",
 "Macau (China)":"/-/world/east-asia/macau-china/",
 "Macedonia":"/-/world/eastern-central-europe/macedonia/",
 "Madagascar":"/-/world/sub-saharan-africa/madagascar/",
 "Malawi":"/-/world/sub-saharan-africa/malawi/",
 "Malaysia":"/-/world/east-asia/malaysia/",
 "Maldives":"/-/world/south-asia/maldives/",
 "Mali":"/-/world/sub-saharan-africa/mali/",
 "Malta":"/-/world/western-europe/malta/",
 "Martinique":"/-/world/caribbean/martinique/",
 "Mauritania":"/-/world/sub-saharan-africa/mauritania/",
 "Mauritius":"/-/world/sub-saharan-africa/mauritius/",
 "Mayotte":"/-/world/sub-saharan-africa/mayotte/",
 "Mexico":"/-/world/latin-america/mexico/",
 "Moldova":"/-/world/eastern-central-europe/moldova/",
 "Monaco":"/-/world/western-europe/monaco/",
 "Mongolia":"/-/world/central-asia-caucasus/mongolia/",
 "Montenegro":"/-/world/eastern-central-europe/montenegro/",
 "Montserrat":"/-/world/caribbean/montserrat/",
 "Morocco":"/-/world/middle-east-north-africa/morocco/",
 "Mozambique":"/-/world/sub-saharan-africa/mozambique/",
 "Myanmar (Burma)":"/-/world/east-asia/myanmar-burma/",
 "Namibia":"/-/world/sub-saharan-africa/namibia/",
 "Nepal":"/-/world/south-asia/nepal/",
 "Netherlands":"/-/world/western-europe/netherlands/",
 "New Caledonia":"/-/world/oceania/new-caledonia/",
 "New Zealand":"/-/world/oceania/new-zealand/",
 "Nicaragua":"/-/world/latin-america/nicaragua/",
 "Niger":"/-/world/sub-saharan-africa/niger/",
 "Nigeria":"/-/world/sub-saharan-africa/nigeria/",
 "North Korea":"/-/world/east-asia/north-korea/",
 "Norway":"/-/world/western-europe/norway/",
 "Oman":"/-/world/middle-east-north-africa/oman/",
 "Pakistan":"/-/world/south-asia/pakistan/",
 "Palestine":"/-/world/middle-east-north-africa/palestine/",
 "Panama":"/-/world/latin-america/panama/",
 "Papua New Guinea":"/-/world/oceania/papua-new-guinea/",
 "Paraguay":"/-/world/latin-america/paraguay/",
 "Peru":"/-/world/latin-america/peru/",
 "Philippines":"/-/world/east-asia/philippines/",
 "Poland":"/-/world/eastern-central-europe/poland/",
 "Portugal":"/-/world/western-europe/portugal/",
 "Puerto Rico (U.S.)":"/-/world/latin-america/puerto-rico-us/",
 "Qatar":"/-/world/middle-east-north-africa/qatar/",
 "Republic of Congo":"/-/world/sub-saharan-africa/republic-of-congo/",
 "Reunion":"/-/world/sub-saharan-africa/reunion/",
 "Romania":"/-/world/eastern-central-europe/romania/",
 "Russia":"/-/world/eastern-central-europe/russia/",
 "Rwanda":"/-/world/sub-saharan-africa/rwanda/",
 "Saint Helena":"/-/world/sub-saharan-africa/saint-helena/",
 "Saint Lucia":"/-/world/caribbean/saint-lucia/",
 "Samoa":"/-/world/oceania/samoa/",
 "San Marino":"/-/world/western-europe/san-marino/",
 "Sao Tome and Principe":"/-/world/sub-saharan-africa/sao-tome-and-principe/",
 "Saudi Arabia":"/-/world/middle-east-north-africa/saudi-arabia/",
 "Senegal":"/-/world/sub-saharan-africa/senegal/",
 "Serbia":"/-/world/eastern-central-europe/serbia/",
 "Seychelles":"/-/world/sub-saharan-africa/seychelles/",
 "Sierra Leone":"/-/world/sub-saharan-africa/sierra-leone/",
 "Singapore":"/-/world/east-asia/singapore/",
 "Slovakia":"/-/world/eastern-central-europe/slovakia/",
 "Slovenia":"/-/world/eastern-central-europe/slovenia/",
 "Somalia":"/-/world/sub-saharan-africa/somalia/",
 "Somaliland":"/-/world/sub-saharan-africa/somaliland/",
 "South Africa":"/-/world/sub-saharan-africa/south-africa/",
 "South Korea":"/-/world/east-asia/south-korea/",
 "South Sudan":"/-/world/sub-saharan-africa/south-sudan/",
 "Spain":"/-/world/western-europe/spain/",
 "Sri Lanka":"/-/world/south-asia/sri-lanka/",
 "St. Barthélémy":"/-/world/caribbean/st-barthelemy/",
 "St. Eustatius":"/-/world/caribbean/st-eustatius/",
 "St. Maarten":"/-/world/caribbean/st-maarten/",
 "St. Vincent &amp; the Grenadines":"/-/world/caribbean/st-vincent-the-grenadines/",
 "St.Kitts &amp; Nevis":"/-/world/caribbean/stkitts-nevis/",
 "Sudan":"/-/world/sub-saharan-africa/sudan/",
 "Suriname":"/-/world/caribbean/suriname/",
 "Swaziland":"/-/world/sub-saharan-africa/swaziland/",
 "Sweden":"/-/world/western-europe/sweden/",
 "Switzerland":"/-/world/western-europe/switzerland/",
 "Syria":"/-/world/middle-east-north-africa/syria/",
 "Tahiti":"/-/world/oceania/tahiti/",
 "Taiwan (ROC)":"/-/world/east-asia/taiwan-roc/",
 "Tajikistan":"/-/world/central-asia-caucasus/tajikistan/",
 "Tanzania":"/-/world/sub-saharan-africa/tanzania/",
 "Thailand":"/-/world/east-asia/thailand/",
 "Togo":"/-/world/sub-saharan-africa/togo/",
 "Tonga":"/-/world/oceania/tonga/",
 "Trinidad &amp; Tobago":"/-/world/caribbean/trinidad-tobago/",
 "Tunisia":"/-/world/middle-east-north-africa/tunisia/",
 "Turkey":"/-/world/middle-east-north-africa/turkey/",
 "Turkmenistan":"/-/world/central-asia-caucasus/turkmenistan/",
 "Turks &amp; Caicos Isl.":"/-/world/caribbean/turks-caicos-isl/",
 "U.S.A.":"/-/world/north-america/usa/",
 "Uganda":"/-/world/sub-saharan-africa/uganda/",
 "Ukraine":"/-/world/eastern-central-europe/ukraine/",
 "United Arab Emirates":"/-/world/middle-east-north-africa/united-arab-emirates/",
 "United Kingdom":"/-/world/western-europe/united-kingdom/",
 "Uruguay":"/-/world/latin-america/uruguay/",
 "Uzbekistan":"/-/world/central-asia-caucasus/uzbekistan/",
 "Vatican City":"/-/world/western-europe/vatican-city/",
 "Venezuela":"/-/world/latin-america/venezuela/",
 "Vietnam":"/-/world/east-asia/vietnam/",
 "Wallis &#038; Futuna":"/-/world/oceania/wallis-futuna/",
 "Western Sahara":"/-/world/middle-east-north-africa/western-sahara/",
 "Yemen":"/-/world/middle-east-north-africa/yemen/",
 "Zambia":"/-/world/sub-saharan-africa/zambia/",
 "Zimbabwe":"/-/world/sub-saharan-africa/zimbabwe/" 
 }